ERR4097111	D6300_28
ERR4097171	D6300_4_24
ERR4097172	D6300_40
ERR4097173	D6300_41
ERR4097174	D6300_42
ERR4097175	D6300_6_19
ERR4097176	D6300_7
ERR4097177	D6300_9
ERR4097204	D6300_4_23
ERR4097205	D6300_4_22
ERR4097206	D6300_4_21
ERR4097207	D6300_4_20
ERR4097208	D6300_4_2
ERR4097210	D6300_39
ERR4097211	D6300_38
ERR4097212	D6300_37
ERR4097232	D6300_12
ERR4097237	D6300_30
ERR4097238	D6300_31
ERR4097239	D6300_2_7
ERR4097240	D6300_2_8
ERR4097241	D6300_2_2
ERR4097242	D6300_2_3
ERR4097243	D6300_29
ERR4097244	D6300_3_1
ERR4097245	D6300_27
ERR4097261	D6300_2_1
ERR4097262	D6300_18
ERR4097264	D6300_11
ERR4097266	D6300_13
ERR4097268	D6300_15
ERR4097269	D6300_14
ERR4097270	D6300_17
ERR4097271	D6300_16
ERR4097272	D6300_4_1
ERR4097276	D6300_32
